<?xml version="1.0" encoding="utf-8"?>
<extension version="2.5" type="template" client="site">
        <name>thposter</name>
        <creationDate>Once upon a time</creationDate>
        <author>thposter, Berezuev</author>
        <authorEmail>email@email.em</authorEmail>
        <authorUrl>http://www.thposter.ru</authorUrl>
        <copyright>Copyright Info</copyright>
        <license>License Info</license>
        <version>0.0.1</version>
        <description>Description of the Hello World! template...</description>
        <files>
                <filename>index.php</filename>
                <filename>templateDetails.xml</filename>
                <filename>template_thumbnail.png</filename>
                <folder>css</folder>
                <folder>img</folder>
        </files>
        <positions>
                <position>header</position>
                <position>menuup</position>
                <position>rightmenu</position>
                <position>posts</position>
                <position>footer</position>
        </positions>
</extension>